,collegeName,country,dateOfBirthUTC,draft_pickNum,draft_roundNum,draft_seasonYear,draft_teamId,firstName,heightFeet,heightInches,heightMeters,isActive,jersey,lastAffiliation,lastName,nbaDebutYear,personId,pos,teamId,weightKilograms,weightPounds,yearsPro
0,,Spain,1993-08-01,32,2,2013,1610612760,Alex,6,6,1.98,True,8,Spain/Spain,Abrines,2016,203518,G,1610612760,90.7,200,2
1,Baylor,USA,1990-10-06,37,2,2012,1610612761,Quincy,6,7,2.01,True,4,Baylor/USA,Acy,2012,203112,F,1610612756,108.9,240,6
2,St. Bonaventure,USA,1996-05-04,,,,,Jaylen,6,2,1.88,True,10,St. Bonaventure/USA,Adams,2018,1629121,G,1610612737,86.2,190,0
3,Pittsburgh,New Zealand,1993-07-20,12,1,2013,1610612760,Steven,7,0,2.13,True,12,Pittsburgh/New Zealand,Adams,2013,203500,C,1610612760,120.2,265,5
4,Kentucky,USA,1997-07-18,14,1,2017,1610612748,Bam,6,10,2.08,True,13,Kentucky/USA,Adebayo,2017,1628389,C-F,1610612748,115.7,255,1
5,,South Sudan,1997-02-01,,,,,Deng,6,7,2.01,True,32, South Sudan/South Sudan,Adel,,1629061,F,1610612739,90.7,200,0
6,Texas,USA,1985-07-19,2,1,2006,1610612741,LaMarcus,6,11,2.11,True,12,Texas/USA,Aldridge,2006,200746,F,1610612759,117.9,260,12
7,,USA,1997-10-29,,,,,Rawle,6,5,1.96,True,20, USA/USA,Alkins,2018,1628959,G,1610612741,102.1,225,0
8,Duke,USA,1995-10-08,21,1,2018,1610612762,Grayson,6,5,1.96,True,24,Duke University/USA,Allen,2018,1628960,G,1610612762,89.8,198,0
9,Texas,USA,1998-04-21,22,1,2017,1610612751,Jarrett,6,11,2.11,True,31,Texas/USA,Allen,2017,1628386,C,1610612751,107.5,237,1
10,Arizona,USA,1993-01-15,53,2,2017,1610612738,Kadeem,6,3,1.9,True,0,ArizonaUSA/USA,Allen,2017,1628443,G,1610612752,90.7,200,1
11,Wake Forest,USA,1990-09-21,8,1,2010,1610612746,Al-Farouq,6,9,2.06,True,8,Wake Forest/USA,Aminu,2010,202329,F,1610612757,99.8,220,8
12,Virginia,USA,1993-11-19,21,1,2015,1610612742,Justin,6,6,1.98,True,1,Virginia/USA,Anderson,2015,1626147,G-F,1610612737,104.3,230,3
13,UCLA,USA,1993-09-20,30,1,2014,1610612759,Kyle,6,9,2.06,True,1,UCLA/USA,Anderson,2014,203937,F,1610612763,104.3,230,4
14,California,USA,1988-05-06,21,1,2008,1610612751,Ryan,6,10,2.08,True,15,California/USA,Anderson,2008,201583,F,1610612756,108.9,240,10
15,California-Los Angeles,USA,1998-10-16,47,2,2017,1610612754,Ike,6,10,2.08,True,13,UCLA/USA,Anigbogu,2017,1628387,C,1610612754,113.4,250,1
16,Greece,Greece,1994-12-06,15,1,2013,1610612749,Giannis,6,11,2.11,True,34,Greece/Greece,Antetokounmpo,2013,203507,F,1610612749,109.8,242,5
17,Dayton,Greece,1997-11-20,60,2,2018,1610612755,Kostas,6,10,2.08,True,37,University of Dayton/Greece,Antetokounmpo,,1628961,F,1610612742,90.7,200,0
18,Syracuse,USA,1984-05-29,3,1,2003,1610612743,Carmelo,6,8,2.03,True,7,Syracuse/USA,Anthony,2003,2546,F,1610612745,108.9,240,15
19,Indiana,United Kingdom,1997-07-17,23,1,2017,1610612761,OG,6,8,2.03,True,3,Indiana/United Kingdom,Anunoby,2017,1628384,F,1610612761,105.2,232,1
20,Villanova,USA,1994-03-26,,,,,Ryan,6,3,1.9,True,51,Villanova/USA,Arcidiacono,2017,1627853,G,1610612741,90.7,200,1
21,UCLA,USA,1985-06-30,43,2,2004,1610612752,Trevor,6,8,2.03,True,1,UCLA/USA,Ariza,2004,2772,F,1610612764,97.5,215,14
22,Texas,USA,1987-11-10,9,1,2008,1610612766,D.J.,6,0,1.83,True,14,Texas/USA,Augustin,2008,201571,G,1610612753,83.0,183,10
23,Arizona,Bahamas,1998-07-23,1,1,2018,1610612756,Deandre,7,1,2.16,True,22,University of Arizona/Bahamas,Ayton,2018,1629028,C,1610612756,113.4,250,0
24,Florida State,USA,1995-08-30,40,2,2017,1610612740,Dwayne,6,7,2.01,True,7,Florida State/USA,Bacon,2017,1628407,G-F,1610612766,100.2,221,1
25,Duke,USA,1999-03-14,2,1,2018,1610612758,Marvin,6,11,2.11,True,35,Duke University/USA,Bagley III,2018,1628963,F,1610612758,106.1,234,0
26,Vanderbilt,USA,1996-03-29,17,1,2016,1610612763,Wade,6,4,1.93,True,2,Vanderbilt/USA,Baldwin IV,2016,1627735,G,1610612757,90.7,200,2
27,California-Los Angeles,USA,1997-10-27,2,1,2017,1610612747,Lonzo,6,6,1.98,True,2,UCLA/USA,Ball,2017,1628366,G,1610612747,86.2,190,1
28,Texas,USA,1998-05-12,6,1,2018,1610612753,Mo,7,0,2.13,True,5,University of Texas at Austin/USA,Bamba,2018,1628964,C,1610612753,100.2,221,0
29,Northeastern,Puerto Rico,1984-06-26,,,,,J.J.,6,0,1.83,True,5,Northeastern/Puerto Rico,Barea,2006,200826,G,1610612742,83.9,185,12
30,North Carolina,USA,1992-05-30,7,1,2012,1610612744,Harrison,6,8,2.03,True,40,North Carolina/USA,Barnes,2012,203084,F,1610612742,102.1,225,6
31,Memphis,USA,1991-01-06,40,2,2012,1610612757,Will,6,6,1.98,True,5,Memphis/USA,Barton,2012,203115,G,1610612743,86.2,190,6
32,Ohio State,USA,1996-01-23,48,2,2018,1610612750,Keita,6,9,2.06,True,31,Ohio State University/USA,Bates-Diop,2018,1628966,F,1610612750,103.9,229,0
33,"Lisieux, France",France,1988-12-14,25,1,2008,1610612745,Nicolas,6,8,2.03,True,5,Le Mans/France,Batum,2008,201587,F-G,1610612766,90.7,200,10
34,Arizona,USA,1988-08-20,11,1,2008,1610612754,Jerryd,6,3,1.9,True,8,Arizona/USA,Bayless,2008,201573,G,1610612750,90.7,200,10
35,Washington State,Australia,1986-12-09,,,,,Aron,6,10,2.08,True,46,Washington State/Australia,Baynes,2012,203382,C-F,1610612738,117.9,260,6
36,Old Dominion,USA,1989-07-01,,,,,Kent,6,5,1.96,True,24,Old Dominion/USA,Bazemore,2012,203145,G,1610612737,91.2,201,6
37,Florida,USA,1993-06-28,3,1,2012,1610612764,Bradley,6,5,1.96,True,3,Florida/USA,Beal,2012,203078,G,1610612764,93.9,207,6
38,Florida State,USA,1996-11-26,19,1,2016,1610612743,Malik,6,5,1.96,True,25,Florida State/USA,Beasley,2016,1627736,G,1610612743,88.5,195,2
39,Kansas State,USA,1989-01-09,2,1,2008,1610612748,Michael,6,9,2.06,True,11,Kansas State/USA,Beasley,2008,201563,F,1610612747,106.6,235,10
40,"Bologna, Italy",Italy,1986-03-25,18,1,2007,1610612744,Marco,6,5,1.96,True,18,Fortitudo Bologna/Italy,Belinelli,2007,201158,G-F,1610612759,95.3,210,11
41,Oregon,USA,1995-01-07,38,2,2017,1610612741,Jordan,6,9,2.06,True,2,Oregon/USA,Bell,2017,1628395,F,1610612744,101.6,224,1
42,Saint Joseph's,USA,1994-07-04,21,1,2016,1610612737,DeAndre',6,6,1.98,True,95,St. Joseph's (PA)/USA,Bembry,2016,1627761,F,1610612737,95.3,210,2
43,,Croatia,1997-11-17,4,1,2016,1610612756,Dragan,7,1,2.16,True,35,Croatia/Croatia,Bender,2016,1627733,F,1610612756,102.1,225,2
44,,Latvia,1992-11-12,42,2,2011,1610612754,Davis,6,10,2.08,True,42, Latvia/Latvia,Bertans,2016,202722,F,1610612759,102.1,225,2
45,Arkansas,USA,1988-07-12,42,2,2009,1610612747,Patrick,6,1,1.85,True,21,Arkansas/USA,Beverley,2012,201976,G,1610612746,83.9,185,6
46,Nevada-Las Vegas,Canada,1992-09-28,,,,,Khem,6,9,2.06,True,24,Nevada-Las Vegas/Canada,Birch,2017,203920,C,1610612753,105.7,233,1
47,California,USA,1994-07-03,56,2,2017,1610612738,Jabari,6,6,1.98,True,26,California/USA,Bird,2017,1628444,G,1610612738,89.8,198,1
48,"Lubumbashi, DR Congo",Democratic Republic of the Congo,1992-08-28,7,1,2011,1610612758,Bismack,6,9,2.06,True,8,Baloncesto Fuenlabrada/Democratic Republic of Cong,Biyombo,2011,202687,C,1610612766,115.7,255,7
49,,Serbia,1988-05-09,35,2,2010,1610612764,Nemanja,6,10,2.08,True,88,Fenerbahce Ulker/Serbia,Bjelica,2015,202357,F,1610612758,106.1,234,3
50,Louisiana State,USA,1996-10-04,,,,,Antonio,6,4,1.93,True,9,Louisiana State/USA,Blakeney,2017,1628469,G,1610612741,87.1,192,1
51,Kentucky,USA,1989-12-09,18,1,2010,1610612760,Eric,6,1,1.85,True,6,Kentucky/USA,Bledsoe,2010,202339,G,1610612749,93.0,205,8
52,Clemson,USA,1993-09-16,59,2,2017,1610612759,Jaron,6,8,2.03,True,4,Clemson/USA,Blossomgame,2018,1628417,F,1610612739,99.8,220,0
53,Xavier (Ohio),USA,1994-11-04,,,,,Trevon,6,6,1.98,True,5,Xavier (Ohio)/USA,Bluiett,,1629129,G-F,1610612740,89.8,198,0
54,,Serbia,1992-08-18,27,1,2014,1610612756,Bogdan,6,6,1.98,True,8, Serbia/Serbia,Bogdanovic,2017,203992,G,1610612758,93.0,205,1
55,,Croatia,1989-04-18,31,2,2011,1610612748,Bojan,6,8,2.03,True,44,Croatia/Croatia,Bogdanovic,2014,202711,F,1610612754,98.0,216,4
56,,Australia,1996-01-02,36,2,2017,1610612755,Jonah,6,10,2.08,True,43,Australia/Australia,Bolden,2018,1628413,F,1610612755,99.8,220,0
57,,Germany,1999-11-08,39,2,2018,1610612755,Isaac,6,8,2.03,True,17,Germany/Germany,Bonga,2018,1629067,G,1610612747,81.6,180,0
58,Kentucky,USA,1996-10-30,13,1,2015,1610612756,Devin,6,6,1.98,True,1,Kentucky/USA,Booker,2015,1626164,G,1610612756,95.3,210,3
59,Oregon,Canada,1993-01-11,,,,,Chris,6,10,2.08,True,25,Oregon/Canada,Boucher,2017,1628449,F,1610612761,90.7,200,1
60,Texas,USA,1990-11-26,19,1,2010,1610612738,Avery,6,2,1.88,True,11,Texas/USA,Bradley,2010,202340,G,1610612746,81.6,180,8
61,North Carolina,USA,1998-01-08,28,1,2017,1610612747,Tony,6,10,2.08,True,13,North Carolina/USA,Bradley,2017,1628396,C,1610612762,112.5,248,1
62,Florida,USA,1986-03-05,7,1,2007,1610612750,Corey,6,9,2.06,True,00,Florida/USA,Brewer,2007,201147,G-F,1610612755,84.4,186,11
63,Villanova,USA,1996-08-30,10,1,2018,1610612755,Mikal,6,7,2.01,True,25,Villanova University/USA,Bridges,2018,1628969,F,1610612756,95.3,210,0
64,Michigan State,USA,1998-03-21,12,1,2018,1610612746,Miles,6,7,2.01,True,0,Michigan State University/USA,Bridges,2018,1628970,F,1610612766,102.1,225,0
65,,USA,1996-04-13,,,,,Isaiah,6,3,1.9,True,13, USA/USA,Briscoe,2018,1628515,G,1610612753,97.5,215,0
66,,Australia,1990-08-23,,,,,Ryan,6,7,2.01,True,45,Australia/Australia,Broekhoff,2018,1629151,G-F,1610612742,97.5,215,0
67,Virginia,USA,1992-12-11,36,2,2016,1610612749,Malcolm,6,5,1.96,True,13,Virginia/USA,Brogdon,2016,1627763,G,1610612749,103.9,229,2
68,Oregon,Canada,1996-01-22,45,2,2017,1610612745,Dillon,6,6,1.98,True,24,Oregon/Canada,Brooks,2017,1628415,G-F,1610612763,99.8,220,1
69,Miami (FL),USA,1996-08-15,42,2,2018,1610612765,Bruce,6,5,1.96,True,6,University of Miami/USA,Brown,2018,1628971,G,1610612765,91.6,202,0
70,California,USA,1996-10-24,3,1,2016,1610612738,Jaylen,6,7,2.01,True,7,California/USA,Brown,2016,1627759,G,1610612738,99.8,220,2
71,Southern Methodist,USA,1995-02-10,46,2,2017,1610612755,Sterling,6,6,1.98,True,23,Southern Methodist/USA,Brown,2017,1628425,G,1610612749,105.2,232,1
72,Oregon,USA,1999-07-28,15,1,2018,1610612764,Troy,6,7,2.01,True,6,University of Oregon/USA,Brown Jr.,2018,1628972,F,1610612764,97.5,215,0
73,Villanova,USA,1996-08-31,33,2,2018,1610612742,Jalen,6,3,1.9,True,13,Villanova University/USA,Brunson,2018,1628973,G,1610612742,86.2,190,0
74,Indiana,USA,1997-07-31,42,2,2017,1610612762,Thomas,6,11,2.11,True,13,Indiana/USA,Bryant,2017,1628418,C,1610612764,112.5,248,1
75,North Carolina,USA,1991-03-16,25,1,2013,1610612746,Reggie,6,7,2.01,True,25,North Carolina/USA,Bullock,2013,203493,G-F,1610612765,93.0,205,5
76,Michigan,USA,1992-11-12,9,1,2013,1610612750,Trey,6,1,1.85,True,23,Michigan/USA,Burke,2013,203504,G,1610612752,79.4,175,5
77,Colorado,USA,1991-07-20,12,1,2011,1610612762,Alec,6,6,1.98,True,10,Colorado/USA,Burks,2011,202692,G,1610612739,97.1,214,7
78,Iowa State,USA,1994-01-31,,,,,Deonte,6,5,1.96,True,30,Iowa State/USA,Burton,2018,1629126,G,1610612760,111.1,245,0
79,Marquette,USA,1989-09-14,30,1,2011,1610612741,Jimmy,6,8,2.03,True,23,Marquette/USA,Butler,2011,202710,G-F,1610612755,105.2,232,7
80,"Villanueva de la Serena, Spain",Spain,1981-09-28,,,,,Jose,6,3,1.9,True,81,Tau Ceramica/Spain,Calderon,2005,101181,G,1610612765,90.7,200,13
81,Georgia,USA,1993-02-18,8,1,2013,1610612765,Kentavious,6,5,1.96,True,1,Georgia/USA,Caldwell-Pope,2013,203484,G,1610612747,93.0,205,5
82,,Switzerland,1994-05-18,25,1,2014,1610612745,Clint,6,10,2.08,True,15,Switzerland/Switzerland,Capela,2014,203991,C,1610612745,108.9,240,4
83,Missouri,USA,1986-07-27,27,1,2009,1610612763,DeMarre,6,8,2.03,True,9,Missouri/USA,Carroll,2009,201960,F,1610612751,97.5,215,9
84,West Virginia,USA,1995-09-14,32,2,2018,1610612763,Jevon,6,2,1.88,True,3,West Virginia University/USA,Carter,2018,1628975,G,1610612763,88.9,196,0
85,North Carolina,USA,1977-01-26,5,1,1998,1610612744,Vince,6,6,1.98,True,15,North Carolina/USA,Carter,1998,1713,F-G,1610612737,99.8,220,20
86,Duke,USA,1999-04-16,7,1,2018,1610612741,Wendell,6,10,2.08,True,34,Duke University/USA,Carter Jr.,2018,1628976,F,1610612741,115.7,255,0
87,Texas A&M,USA,1994-02-28,,,,,Alex,6,5,1.96,True,4,Texas A&M/USA,Caruso,2017,1627936,G,1610612747,84.4,186,1
88,"Yavne, Israel",Israel,1988-06-22,23,1,2009,1610612758,Omri,6,9,2.06,True,18,HapoelIsraelGalilIsraelElyon/Israel,Casspi,2009,201956,F,1610612763,102.1,225,9
89,Kentucky,USA,1993-08-18,6,1,2015,1610612758,Willie,7,0,2.13,True,00,Kentucky/USA,Cauley-Stein,2015,1626161,C,1610612758,108.9,240,3
90,Cincinnati,USA,1995-11-29,,,,,Troy,6,4,1.93,True,3,Cincinnati/USA,Caupain,2018,1628505,G,1610612753,95.3,210,0
91,George Washington,USA,1994-02-09,,,,,Tyler,6,9,2.06,True,34,George Washington/USA,Cavanaugh,2017,1628463,F,1610612762,108.0,238,1
92,Dominquez H.S,USA,1982-10-02,2,1,2001,1610612746,Tyson,7,1,2.16,True,5,Dominguez HS (CA)/USA,Chandler,2001,2199,C,1610612747,108.9,240,17
93,DePaul,USA,1987-05-10,23,1,2007,1610612752,Wilson,6,9,2.06,True,22,DePaul/USA,Chandler,2007,201163,F,1610612755,102.1,225,10
94,Charleston (SC),USA,1995-11-01,,,,,Joe,6,3,1.9,True,31,Charleston (SC)/USA,Chealey,,1629147,G,1610612766,86.2,190,0
95,Washington,USA,1997-07-02,8,1,2016,1610612756,Marquese,6,10,2.08,True,0,Washington/USA,Chriss,2016,1627737,F,1610612745,108.9,240,2
96,,USA,1994-11-16,,,,,Gary,6,8,2.03,True,6, USA/USA,Clark,2018,1629109,F,1610612745,102.1,225,0
97,Belmont,USA,1991-03-07,,,,,Ian,6,3,1.9,True,2,Belmont University/USA,Clark,2013,203546,G,1610612740,79.4,175,5
98,Missouri,USA,1992-06-07,46,2,2014,1610612764,Jordan,6,5,1.96,True,8,Missouri/USA,Clarkson,2014,203903,G,1610612739,88.0,194,4
99,Wake Forest,USA,1997-09-23,19,1,2017,1610612737,John,6,10,2.08,True,20,Wake Forest/USA,Collins,2017,1628381,F-C,1610612737,106.6,235,1
100,Gonzaga,USA,1997-11-19,10,1,2017,1610612758,Zach,7,0,2.13,True,33,Gonzaga/USA,Collins,2017,1628380,F-C,1610612757,106.6,235,1
101,UCLA,USA,1987-08-23,21,1,2009,1610612740,Darren,6,0,1.83,True,2,UCLA/USA,Collison,2009,201954,G,1610612754,79.4,175,9
102,Notre Dame,USA,1996-01-12,,,,,Bonzie,6,6,1.98,True,50,Notre Dame/USA,Colson,,1629045,F,1610612749,102.1,225,0
103,Ohio State,USA,1987-10-11,4,1,2007,1610612763,Mike,6,1,1.85,True,11,Ohio State/USA,Conley,2007,201144,G,1610612763,79.4,175,11
104,Notre Dame,USA,1993-01-06,41,2,2015,1610612751,Pat,6,4,1.93,True,24,Notre Dame/USA,Connaughton,2015,1626192,G,1610612749,94.8,209,3
105,Duke,USA,1993-03-23,,,,,Quinn,6,2,1.88,True,4,Duke/USA,Cook,2016,1626188,G,1610612744,81.2,179,2
106,Kentucky,USA,1990-08-13,5,1,2010,1610612758,DeMarcus,6,11,2.11,True,0,Kentucky/USA,Cousins,2010,202326,C,1610612744,122.5,270,8
107,Tennessee State,USA,1990-12-14,,,,,Robert,6,9,2.06,True,33,Tennessee State/USA,Covington,2013,203496,F,1610612750,102.1,225,5
108,California,USA,1992-04-09,31,2,2013,1610612739,Allen,6,6,1.98,True,33,California/USA,Crabbe,2013,203459,G-F,1610612751,96.2,212,5
109,South Carolina Upstate,USA,1990-12-19,,,,,Torrey,6,7,2.01,True,3,South Carolina Upstate/USA,Craig,2017,1628470,F,1610612743,97.5,215,1
110,Michigan,USA,1980-03-20,8,1,2000,1610612739,Jamal,6,5,1.96,True,11,Michigan/USA,Crawford,2000,2037,G,1610612756,83.9,185,18
111,Marquette,USA,1990-07-06,34,2,2012,1610612739,Jae,6,6,1.98,True,99,Marquette/USA,Crowder,2012,203109,F,1610612762,106.6,235,6
112,Villanova,USA,1987-04-22,33,2,2009,1610612757,Dante,6,8,2.03,True,33,Villanova/USA,Cunningham,2009,201967,F,1610612759,104.3,230,10
113,Duke,USA,1990-08-23,,,,,Seth,6,2,1.88,True,31,DukeUSA/USA,Curry,2013,203552,G,1610612757,83.9,185,4
114,Davidson,USA,1988-03-14,7,1,2009,1610612744,Stephen,6,3,1.9,True,30,Davidson/USA,Curry,2009,201939,G,1610612744,86.2,190,9
115,Virginia Commonwealth,USA,1991-07-15,,,,,Troy,6,4,1.93,True,30,Virginia Commonwealth/USA,Daniels,2013,203584,G,1610612756,93.0,205,5
116,Kentucky,USA,1993-03-11,1,1,2012,1610612740,Anthony,6,10,2.08,True,23,Kentucky/USA,Davis,2012,203076,F-C,1610612740,114.8,253,6
117,North Carolina,USA,1989-06-05,13,1,2010,1610612761,Ed,6,10,2.08,True,17,North Carolina/USA,Davis,2010,202334,C,1610612751,102.1,225,8
118,Southern California,USA,1989-08-12,,,,,Dewayne,7,0,2.13,True,14,USC/USA,Dedmon,2013,203473,C,1610612737,111.1,245,5
119,Wisconsin,USA,1994-05-08,18,1,2015,1610612745,Sam,6,9,2.06,True,8,Wisconsin/USA,Dekker,2015,1626155,F,1610612764,104.3,230,3
120,,Dominican Republic,1994-11-20,,,,,Angel,6,10,2.08,True,31,Dominican Republic/Dominican Republic,Delgado,,1629116,C,1610612746,111.1,245,0
121,Saint Mary's (CA),Australia,1990-09-08,,,,,Matthew,6,4,1.93,True,18,St. Mary's (CA)/Australia,Dellavedova,2013,203521,G,1610612739,90.7,200,5
122,Duke,United Kingdom,1985-04-16,7,1,2004,1610612756,Luol,6,9,2.06,True,9,Duke/United Kingdom,Deng,2004,2736,F,1610612750,107.5,237,14
123,Southern California,USA,1989-08-07,9,1,2009,1610612761,DeMar,6,7,2.01,True,10,USC/USA,DeRozan,2009,201942,G,1610612759,99.8,220,9
124,,USA,1996-02-01,,,,,Marcus,6,7,2.01,True,32, USA/USA,Derrickson,2018,1629094,F,1610612744,112.9,249,0
125,Kansas,Mali,1996-09-13,33,2,2016,1610612746,Cheick,6,9,2.06,True,13,Kansas/Mali,Diallo,2016,1627767,F,1610612740,99.8,220,2
126,Kentucky,USA,1998-07-31,45,2,2018,1610612751,Hamidou,6,5,1.96,True,6,University of Kentucky/USA,Diallo,2018,1628977,G,1610612760,89.8,198,0
127,Louisville,Senegal,1990-01-18,21,1,2013,1610612762,Gorgui,6,11,2.11,True,5,Louisville/Senegal,Dieng,2013,203476,C,1610612750,114.3,252,5
128,Colorado,USA,1993-04-06,38,2,2014,1610612765,Spencer,6,6,1.98,True,8,Colorado/USA,Dinwiddie,2014,203915,G,1610612751,95.3,210,4
129,Villanova,USA,1997-01-31,17,1,2018,1610612749,Donte,6,4,1.93,True,9,Villanova University/USA,DiVincenzo,2018,1628978,G,1610612749,92.1,203,0
130,,Slovenia,1999-02-28,3,1,2018,1610612737,Luka,6,7,2.01,True,77,Slovenia/Slovenia,Doncic,2018,1629029,F-G,1610612742,98.9,218,0
131,Oregon,USA,1996-02-18,41,2,2017,1610612737,Tyler,6,5,1.96,True,2,Oregon/USA,Dorsey,2017,1628416,G,1610612737,83.0,183,1
132,Houston,USA,1994-05-06,44,2,2017,1610612752,Damyean,6,6,1.98,True,21,Houston/USA,Dotson,2017,1628422,G,1610612752,95.3,210,1
133,South Carolina,USA,1996-10-25,,,,,PJ,6,6,1.98,True,50,South Carolina/USA,Dozier,2017,1628408,G-F,1610612738,93.0,205,1
134,"Ljubljana, Slovenia",Slovenia,1986-05-06,45,2,2008,1610612759,Goran,6,3,1.9,True,7,Union Olimpija/Slovenia/Slovenia,Dragic,2008,201609,G,1610612748,86.2,190,10
135,Connecticut,USA,1993-08-10,9,1,2012,1610612765,Andre,6,11,2.11,True,0,Connecticut/USA,Drummond,2012,203083,C,1610612765,126.6,279,6
136,Boston College,USA,1985-07-10,22,1,2007,1610612766,Jared,6,7,2.01,True,6,Boston College/USA,Dudley,2007,201162,F,1610612751,107.5,237,11
137,Providence,USA,1994-03-18,5,1,2016,1610612750,Kris,6,4,1.93,True,32,Providence/USA,Dunn,2016,1627739,G,1610612741,93.0,205,2
138,Texas,USA,1988-09-29,2,1,2007,1610612760,Kevin,6,9,2.06,True,35,Texas/USA,Durant,2007,201142,F,1610612744,108.9,240,11
139,,USA,1998-08-03,,,,,Trevon,6,2,1.88,True,0, USA/USA,Duval,,1628979,G,1610612749,85.7,189,0
140,Purdue,USA,1996-04-05,52,2,2018,1610612762,Vincent,6,8,2.03,True,12,Purdue University/USA,Edwards,2018,1629053,F,1610612745,102.1,225,0
141,Marquette,USA,1997-01-13,18,1,2016,1610612765,Henry,6,11,2.11,True,8,Marquette/USA,Ellenson,2016,1627740,F,1610612765,111.1,245,2
142,North Carolina,USA,1987-11-29,28,1,2009,1610612750,Wayne,6,5,1.96,True,2,North Carolina/USA,Ellington,2009,201961,G,1610612748,90.7,200,9
143,Kansas,Cameroon,1994-03-16,3,1,2014,1610612755,Joel,7,0,2.13,True,21,Kansas/Cameroon,Embiid,2016,203954,F-C,1610612755,113.4,250,2
144,Long Beach State,USA,1990-07-01,50,2,2013,1610612737,James,6,7,2.01,True,8,Long Beach State/USA,Ennis III,2014,203516,F,1610612745,95.3,210,4
145,,USA,1997-02-01,,,,,Drew,6,10,2.08,True,14, USA/USA,Eubanks,2018,1629234,F,1610612759,111.1,245,0
146,Cincinnati,USA,1997-06-18,28,1,2018,1610612744,Jacob,6,6,1.98,True,10,University of Cincinnati/USA,Evans,2018,1628980,G,1610612744,95.3,210,0
147,Oklahoma State,USA,1996-07-26,39,2,2017,1610612755,Jawun,6,0,1.83,True,0,Oklahoma State/USA,Evans,2017,1628393,G,1610612756,86.2,190,1
148,Memphis,USA,1989-09-19,4,1,2009,1610612758,Tyreke,6,6,1.98,True,12,Memphis/USA,Evans,2009,201936,G,1610612754,99.8,220,9
149,,Australia,1995-07-13,5,1,2014,1610612762,Dante,6,6,1.98,True,11,Australia/Australia,Exum,2014,203957,G,1610612762,86.2,190,3
150,Morehead State,USA,1989-11-19,22,1,2011,1610612743,Kenneth,6,8,2.03,True,35,Morehead State/USA,Faried,2011,202702,F-C,1610612751,99.8,220,7
151,Georgia Tech,USA,1991-07-15,3,1,2010,1610612751,Derrick,6,10,2.08,True,15,Georgia Tech/USA,Favors,2010,202324,F-C,1610612762,120.2,265,8
152,,Brazil,1992-07-07,,,,,Cristiano,6,10,2.08,True,6,Brazil/Brazil,Felicio,2015,1626245,F-C,1610612741,120.2,265,3
153,North Carolina,USA,1984-06-26,5,1,2005,1610612766,Raymond,6,1,1.85,True,2,North Carolina/USA,Felton,2005,101109,G,1610612760,93.0,205,13
154,,USA,1998-05-17,21,1,2017,1610612760,Terrance,6,7,2.01,True,23,USA/USA,Ferguson,2017,1628390,G,1610612760,86.2,190,1
155,Indiana,USA,1993-05-09,,,,,Yogi,6,0,1.83,True,3,Indiana/USA,Ferrell,2016,1627812,G,1610612758,81.6,180,2
156,Florida,USA,1993-05-04,,,,,Dorian,6,8,2.03,True,10,Florida/USA,Finney-Smith,2016,1627827,F,1610612742,99.8,220,2
157,Michigan State,USA,1993-07-23,,,,,Bryn,6,3,1.9,True,11,Michigan State/USA,Forbes,2016,1627854,G,1610612759,86.2,190,2
158,France,France,1992-10-29,20,1,2012,1610612743,Evan,6,7,2.01,True,10,Poitiers Basket 86/France,Fournier,2012,203095,G-F,1610612753,93.0,205,6
159,Kentucky,USA,1997-12-20,5,1,2017,1610612758,De'Aaron,6,3,1.9,True,5,Kentucky/USA,Fox,2017,1628368,G,1610612758,79.4,175,1
160,,USA,1990-11-01,,,,,Tim,6,1,1.85,True,10,Penn StateUSA/USA,Frazier,2014,204025,G,1610612740,77.1,170,4
161,Tulane,USA,1996-08-30,35,2,2018,1610612753,Melvin,6,6,1.98,True,35,Tulane University/USA,Frazier Jr.,2018,1628982,G-F,1610612753,90.7,200,0
162,Arizona,USA,1983-05-17,8,1,2005,1610612752,Channing,7,0,2.13,True,9,Arizona/USA,Frye,2005,101112,F-C,1610612739,115.7,255,12
163,Washington,USA,1998-05-29,1,1,2017,1610612755,Markelle,6,4,1.93,True,20,Washington/USA,Fultz,2017,1628365,G,1610612755,90.7,200,1
164,,Sudan,1997-03-26,,,,,Wenyen,6,9,2.06,True,32, Sudan/Sudan,Gabriel,,1629117,F,1610612758,93.0,205,0
165,"Sant'Angelo Lodigiano, Italy",Italy,1988-08-08,6,1,2008,1610612752,Danilo,6,10,2.08,True,8,Olimpia Milano/Italy,Gallinari,2008,201568,F,1610612746,102.1,225,9
166,Saint Joseph's,USA,1991-12-09,,,,,Langston,6,2,1.88,True,9,St. Joseph's (PA)USA/USA,Galloway,2014,204038,G,1610612765,90.7,200,4
167,"Barcelona, Spain",Spain,1985-01-29,48,2,2007,1610612747,Marc,7,1,2.16,True,33,FC Barcelona/Spain,Gasol,2008,201188,C,1610612763,115.7,255,10
168,"Barcelona, Spain",Spain,1980-07-06,3,1,2001,1610612737,Pau,7,0,2.13,True,16,FC BarcelonaSpain/Spain,Gasol,2001,2200,C-F,1610612759,113.4,250,17
169,Connecticut,USA,1986-08-17,8,1,2006,1610612745,Rudy,6,8,2.03,True,22,Connecticut/USA,Gay,2006,200752,F,1610612759,104.3,230,12
170,Fresno State,USA,1990-05-02,10,1,2010,1610612754,Paul,6,9,2.06,True,13,Fresno State/USA,George,2010,202331,F,1610612760,99.8,220,8
171,Southern California,USA,1985-06-24,26,1,2009,1610612741,Taj,6,9,2.06,True,67,USC/USA,Gibson,2009,201959,F,1610612750,105.2,232,9
172,Duke,USA,1998-04-22,20,1,2017,1610612757,Harry,6,10,2.08,True,20,Duke/USA,Giles III,2018,1628385,F-C,1610612758,108.9,240,0
173,Kentucky,Canada,1998-07-12,11,1,2018,1610612766,Shai,6,6,1.98,True,2,University of Kentucky/Canada,Gilgeous-Alexander,2018,1628983,G,1610612746,82.1,181,0
174,France,France,1992-06-26,27,1,2013,1610612743,Rudy,7,1,2.16,True,27,France/France,Gobert,2013,203497,C,1610612762,111.1,245,5
175,,USA,1995-10-02,,,,,Brandon,6,2,1.88,True,6, USA/USA,Goodwin,2018,1629164,G,1610612743,81.6,180,0
176,Arizona,USA,1995-09-16,4,1,2014,1610612753,Aaron,6,9,2.06,True,00,Arizona/USA,Gordon,2014,203932,F,1610612753,99.8,220,4
177,Indiana,USA,1988-12-25,7,1,2008,1610612746,Eric,6,4,1.93,True,10,Indiana/USA,Gordon,2008,201569,G,1610612745,97.5,215,10
178,"Lodz, Poland",Poland,1984-02-17,57,2,2005,1610612756,Marcin,6,11,2.11,True,13,RheinEnergie Cologne/Poland,Gortat,2007,101162,C,1610612746,108.9,240,11
179,Kansas,USA,1995-02-22,34,2,2018,1610612737,Devonte',6,2,1.88,True,4,University of Kansas/USA,Graham,2018,1628984,G,1610612766,83.9,185,0
180,Virginia Commonwealth,USA,1993-10-28,,,,,Treveon,6,5,1.96,True,21,Virginia Commonwealth/USA,Graham,2016,1626203,F,1610612751,102.1,225,2
181,Syracuse,USA,1994-03-12,39,2,2014,1610612755,Jerami,6,9,2.06,True,9,Syracuse/USA,Grant,2014,203924,F,1610612760,99.8,220,4
182,Notre Dame,USA,1992-10-09,19,1,2015,1610612764,Jerian,6,4,1.93,True,22,Notre Dame/USA,Grant,2015,1626170,G,1610612753,93.0,205,3
183,Clemson,USA,1995-03-19,,,,,Donte,6,8,2.03,True,71,Clemson/USA,Grantham,,1629055,F,1610612760,97.5,215,0
184,North Carolina,USA,1987-06-22,46,2,2009,1610612739,Danny,6,6,1.98,True,14,North Carolina/USA,Green,2009,201980,G-F,1610612761,97.5,215,9
185,Michigan State,USA,1990-03-04,35,2,2012,1610612744,Draymond,6,7,2.01,True,23,Michigan State/USA,Green,2012,203110,F,1610612744,104.3,230,6
186,Gulf Shores Aca. (TX),USA,1986-01-26,18,1,2005,1610612738,Gerald,6,7,2.01,True,14,Gulf Shores Academy (TX)/USA,Green,2005,101123,G-F,1610612745,93.0,205,11
187,Alabama,USA,1990-06-21,,,,,JaMychal,6,9,2.06,True,0,Alabama/USA,Green,2014,203210,F,1610612763,103.0,227,4
188,Georgetown,USA,1986-08-28,5,1,2007,1610612738,Jeff,6,9,2.06,True,32,Georgetown/USA,Green,2007,201145,F,1610612764,106.6,235,10
189,Oklahoma,USA,1989-03-16,1,1,2009,1610612746,Blake,6,10,2.08,True,23,Oklahoma/USA,Griffin,2010,201933,F,1610612765,113.4,250,8
190,Connecticut,USA,1995-08-08,56,2,2016,1610612743,Daniel,6,7,2.01,True,5,Connecticut/USA,Hamilton,2017,1627772,G-F,1610612737,88.5,195,1
191,Michigan,USA,1992-03-16,24,1,2013,1610612752,Tim,6,6,1.98,True,3,Michigan/USA,Hardaway Jr.,2013,203501,G,1610612752,93.0,205,5
192,Arizona State,USA,1989-08-26,3,1,2009,1610612760,James,6,5,1.96,True,13,Arizona State/USA,Harden,2009,201935,G,1610612745,99.8,220,9
193,St. John's (NY),USA,1993-05-11,15,1,2012,1610612755,Maurice,6,9,2.06,True,4,St. John's (N.Y.)/USA,Harkless,2012,203090,F,1610612757,99.8,220,6
194,Louisville,USA,1994-01-26,32,2,2015,1610612745,Montrezl,6,8,2.03,True,5,Louisville/USA,Harrell,2015,1626149,F-C,1610612746,108.9,240,3
195,Wisconsin,USA,1983-02-27,5,1,2004,1610612764,Devin,6,3,1.9,True,34,Wisconsin/USA,Harris,2004,2734,G,1610612742,83.9,185,14
196,Michigan State,USA,1994-09-14,19,1,2014,1610612741,Gary,6,4,1.93,True,14,Michigan State/USA,Harris,2014,203914,G,1610612743,95.3,210,4
197,Virginia,USA,1991-09-06,33,2,2014,1610612739,Joe,6,6,1.98,True,12,Virginia/USA,Harris,2014,203925,F-G,1610612751,98.9,218,4
198,Tennessee,USA,1992-07-15,19,1,2011,1610612766,Tobias,6,9,2.06,True,34,Tennessee/USA,Harris,2011,202699,F,1610612746,106.6,235,7
199,Tulsa,USA,1993-10-06,,,,,Shaquille,6,4,1.93,True,3,Tulsa/USA,Harrison,2017,1627885,G,1610612741,86.2,190,1
200,Villanova,USA,1995-03-06,30,1,2017,1610612762,Josh,6,5,1.96,True,3,Villanova/USA,Hart,2017,1628404,G,1610612747,97.5,215,1
201,,Germany,1998-05-05,43,2,2017,1610612745,Isaiah,7,0,2.13,True,55,Germany/Germany,Hartenstein,2018,1628392,F-C,1610612745,112.9,249,0
202,Florida,USA,1980-06-09,,,,,Udonis,6,8,2.03,True,40,Florida/USA,Haslem,2003,2617,F,1610612748,106.6,235,15
203,Butler,USA,1990-03-23,9,1,2010,1610612762,Gordon,6,8,2.03,True,20,Butler/USA,Hayward,2010,202330,F,1610612738,102.1,225,8
204,North Carolina,USA,1990-12-28,14,1,2012,1610612749,John,6,11,2.11,True,31,North Carolina/USA,Henson,2012,203089,F,1610612739,99.3,219,6
205,,Spain,1995-09-28,15,1,2016,1610612743,Juancho,6,9,2.06,True,41,Spain/Spain,Hernangomez,2016,1627823,F,1610612743,104.3,230,2
206,Spain,Spain,1994-05-27,35,2,2015,1610612755,Willy,6,11,2.11,True,41,Cajasol Sevilla/Spain,Hernangomez,2016,1626195,C,1610612766,108.9,240,3
207,Croatia,Croatia,1995-02-25,5,1,2015,1610612753,Mario,6,8,2.03,True,8,FC Barcelona/Croatia,Hezonja,2015,1626209,F,1610612752,102.1,225,3
208,North Carolina,USA,1994-07-24,,,,,Isaiah,6,9,2.06,True,4,North Carolina/USA,Hicks,2017,1628439,F,1610612752,104.3,230,1
209,Oklahoma,Bahamas,1992-12-17,6,1,2016,1610612740,Buddy,6,4,1.93,True,24,Oklahoma/Bahamas,Hield,2016,1627741,G,1610612758,97.1,214,2
210,,USA,1996-12-09,,,,,Haywood,6,7,2.01,True,7, USA/USA,Highsmith,2018,1629312,F,1610612755,99.8,220,0
211,Indiana Purdue-Indianapolis,USA,1986-05-04,26,1,2008,1610612759,George,6,3,1.9,True,3,IUPUI/USA,Hill,2008,201588,G,1610612749,85.3,188,10
212,Arizona,USA,1991-03-18,23,1,2013,1610612754,Solomon,6,7,2.01,True,44,Arizona/USA,Hill,2013,203524,F,1610612740,102.1,225,5
213,California-Los Angeles,USA,1996-09-30,23,1,2018,1610612754,Aaron,6,1,1.85,True,3,UCLA/USA,Holiday,2018,1628988,G,1610612754,83.9,185,0
214,UCLA,USA,1990-06-12,17,1,2009,1610612755,Jrue,6,4,1.93,True,11,UCLA/USA,Holiday,2009,201950,G,1610612740,93.0,205,9
215,Washington,USA,1989-04-05,,,,,Justin,6,6,1.98,True,7,Washington/USA,Holiday,2012,203200,F-G,1610612763,82.1,181,5
216,Arizona,USA,1995-01-03,23,1,2015,1610612757,Rondae,6,7,2.01,True,24,Arizona/USA,Hollis-Jefferson,2015,1626178,F,1610612751,98.4,217,3
217,Bowling Green,USA,1993-10-15,37,2,2015,1610612755,Richaun,6,10,2.08,True,21,Bowling Green State/USA,Holmes,2015,1626158,F-C,1610612756,106.6,235,3
218,Duke,USA,1992-10-20,23,1,2014,1610612762,Rodney,6,8,2.03,True,1,Duke/USA,Hood,2014,203918,G,1610612739,93.4,206,4
219,Florida,Dominican Republic,1986-06-03,3,1,2007,1610612737,Al,6,10,2.08,True,42,Florida/Domincan Republic,Horford,2007,201143,C-F,1610612738,111.1,245,11
220,Texas A&M,USA,1993-06-07,,,,,Danuel,6,7,2.01,True,4,Texas A&M/USA,House Jr.,2016,1627863,F-G,1610612745,99.8,220,2
221,SW Atlanta Christian Academy (GA),USA,1985-12-08,1,1,2004,1610612753,Dwight,6,11,2.11,True,21,SW Atlanta Christian Academy (GA)/USA,Howard,2004,2730,C,1610612764,120.2,265,14
222,Maryland,USA,1998-08-27,19,1,2018,1610612737,Kevin,6,7,2.01,True,3,"University of Maryland, College Par/USA",Huerter,2018,1628989,G,1610612737,86.2,190,0
223,Georgia State,USA,1993-10-24,28,1,2015,1610612738,RJ,6,5,1.96,True,28,Georgia State/USA,Hunter,2015,1626154,G,1610612738,83.9,185,3
224,Boise State,USA,1996-04-26,22,1,2018,1610612741,Chandler,6,7,2.01,True,15,Boise State University/USA,Hutchison,2018,1628990,F,1610612741,89.4,197,0
225,"Brazzaville, Rep. of Congo",Democratic Republic of the Congo,1989-09-18,24,1,2008,1610612760,Serge,6,10,2.08,True,9,Ricoh Manresa/Democratic Republic of the Congo,Ibaka,2009,201586,F-C,1610612761,106.6,235,9
226,Arizona,USA,1984-01-28,9,1,2004,1610612755,Andre,6,6,1.98,True,9,Arizona/USA,Iguodala,2004,2738,G-F,1610612744,97.5,215,14
227,"Eskisehir, Turkey",Turkey,1987-05-15,36,2,2005,1610612749,Ersan,6,10,2.08,True,77,FC Barcelona/Turkey,Ilyasova,2006,101141,F,1610612749,106.6,235,10
228,,Australia,1987-10-02,,,,,Joe,6,8,2.03,True,2,Australia/Australia,Ingles,2014,204060,F,1610612762,102.5,226,4
229,Duke,USA,1997-09-02,2,1,2016,1610612747,Brandon,6,9,2.06,True,14,Duke/USA,Ingram,2016,1627742,F,1610612747,86.2,190,2
230,Duke,Australia,1992-03-23,1,1,2011,1610612739,Kyrie,6,3,1.9,True,11,Duke/Australia,Irving,2011,202681,G,1610612738,87.5,193,7
231,Florida State,USA,1997-10-03,6,1,2017,1610612753,Jonathan,6,10,2.08,True,1,Florida State/USA,Isaac,2017,1628371,F,1610612753,95.3,210,1
232,Kansas State,USA,1994-12-20,33,2,2017,1610612753,Wes,6,7,2.01,True,25,Kansas State/USA,Iwundu,2017,1628411,F,1610612753,88.5,195,1
233,Duke,USA,1998-05-04,31,2,2017,1610612766,Frank,6,3,1.9,True,15,Duke/USA,Jackson,2018,1628402,G,1610612740,93.0,205,0
234,Kansas,USA,1997-02-10,4,1,2017,1610612756,Josh,6,8,2.03,True,20,Kansas/USA,Jackson,2017,1628367,F,1610612756,90.7,200,1
235,North Carolina,USA,1995-03-28,15,1,2017,1610612757,Justin,6,8,2.03,True,25,North Carolina/USA,Jackson,2017,1628382,F,1610612758,95.3,210,1
236,Boston College,USA,1990-04-16,24,1,2011,1610612760,Reggie,6,3,1.9,True,1,Boston College/USA,Jackson,2011,202704,G,1610612765,94.3,208,7
237,Michigan State,USA,1999-09-15,4,1,2018,1610612763,Jaren,6,11,2.11,True,13,Michigan State University/USA,Jackson Jr.,2018,1628991,F-C,1610612763,109.8,242,0
238,St. Vincent-St. Mary HS (OH),USA,1984-12-30,1,1,2003,1610612739,LeBron,6,8,2.03,True,23,St. Vincent-St. Mary HS (OH)/USA,James,2003,2544,F,1610612747,113.4,250,15
239,Duke,USA,1993-05-07,,,,,Amile,6,9,2.06,True,11,Duke/USA,Jefferson,2018,1628518,F,1610612753,100.7,222,0
240,"Kinna, Sweden",Sweden,1987-03-02,39,2,2009,1610612765,Jonas,6,10,2.08,True,21,Angelico Biella/Sweden,Jerebko,2009,201973,F,1610612744,104.8,231,8
241,Missouri State,USA,1996-04-22,50,2,2018,1610612754,Alize,6,9,2.06,True,24,Missouri State University/USA,Johnson,2018,1628993,F,1610612754,96.2,212,0
242,Westchester HS (Los Angeles),USA,1987-05-01,56,2,2005,1610612765,Amir,6,9,2.06,True,5,"Westchester HS (Los Angeles, CA)/USA",Johnson,2005,101161,C-F,1610612755,108.9,240,13
243,Wake Forest,USA,1987-02-20,16,1,2009,1610612741,James,6,8,2.03,True,16,Wake Forest/USA,Johnson,2009,201949,F,1610612748,108.9,240,9
244,Arizona,USA,1996-05-29,8,1,2015,1610612765,Stanley,6,7,2.01,True,7,Arizona/USA,Johnson,2015,1626169,F,1610612765,111.1,245,3
245,Fresno State,USA,1992-05-07,,,,,Tyler,6,4,1.93,True,8,Fresno State/USA,Johnson,2014,204020,G,1610612748,86.2,190,4
246,Syracuse,USA,1987-07-11,4,1,2010,1610612750,Wesley,6,7,2.01,True,33,Syracuse/USA,Johnson,2010,202325,F-G,1610612740,97.5,215,8
247,,Serbia,1995-02-19,41,2,2014,1610612743,Nikola,7,0,2.13,True,15,Serbia/Serbia,Jokic,2015,203999,C,1610612743,113.4,250,3
248,Vanderbilt,USA,1995-06-30,30,1,2016,1610612744,Damian,7,0,2.13,True,15,Vanderbilt/USA,Jones,2016,1627745,C,1610612744,111.1,245,2
249,Duke,USA,1996-05-10,24,1,2015,1610612739,Tyus,6,2,1.88,True,1,Duke/USA,Jones,2015,1626145,G,1610612750,88.9,196,3
250,Nevada-Las Vegas,USA,1997-02-15,,,,,Derrick,6,7,2.01,True,5,Nevada-Las Vegas/USA,Jones Jr.,2016,1627884,F-G,1610612748,90.7,200,2
251,Texas A&M,USA,1988-07-21,35,2,2008,1610612746,DeAndre,6,11,2.11,True,6,Texas A&M/USA,Jordan,2008,201599,C,1610612742,120.2,265,10
252,Texas,Canada,1991-08-20,29,1,2011,1610612759,Cory,6,3,1.9,True,6,Texas/Canada,Joseph,2011,202709,G,1610612754,87.5,193,7
253,Wisconsin,USA,1993-04-04,9,1,2015,1610612766,Frank,7,0,2.13,True,44,Wisconsin/USA,Kaminsky,2015,1626163,F-C,1610612766,109.8,242,3
254,Kentucky,Turkey,1992-05-20,3,1,2011,1610612762,Enes,6,11,2.11,True,00,Fenerbahce Ulker/Turkey,Kanter,2011,202683,C,1610612752,113.4,250,7
255,Duke,USA,1996-06-24,12,1,2017,1610612765,Luke,6,5,1.96,True,5,Duke/USA,Kennard,2017,1628379,G,1610612765,93.4,206,1
256,Kentucky,USA,1993-09-26,2,1,2012,1610612766,Michael,6,7,2.01,True,14,Kentucky/USA,Kidd-Gilchrist,2012,203077,F,1610612766,105.2,232,6
257,Colorado,USA,1994-01-15,59,2,2018,1610612756,George,6,6,1.98,True,8,University of Colorado Boulder/USA,King,2018,1628994,F,1610612756,99.8,220,0
258,,Germany,1992-01-29,,,,,Maxi,6,11,2.11,True,42,Germany/Germany,Kleber,2017,1628467,F,1610612742,108.9,240,1
259,Kentucky,USA,1991-12-02,8,1,2011,1610612765,Brandon,6,3,1.9,True,2,Kentucky/USA,Knight,2011,202688,G,1610612745,88.5,195,6
260,Kentucky,USA,1999-08-11,9,1,2018,1610612752,Kevin,6,9,2.06,True,20,University of Kentucky/USA,Knox,2018,1628995,F,1610612752,97.5,215,0
261,,Turkey,1997-07-24,26,1,2016,1610612755,Furkan,6,7,2.01,True,30,Turkey/Turkey,Korkmaz,2017,1627788,G-F,1610612755,86.2,190,1
262,Vanderbilt,USA,1995-07-15,,,,,Luke,7,1,2.16,True,2,Vanderbilt/USA,Kornet,2017,1628436,F-C,1610612752,113.4,250,1
263,Creighton,USA,1981-03-17,51,2,2003,1610612751,Kyle,6,7,2.01,True,26,Creighton/USA,Korver,2003,2594,G-F,1610612762,96.2,212,15
264,Ohio State,USA,1989-02-24,23,1,2008,1610612762,Kosta,7,0,2.13,True,41,Ohio State/USA,Koufos,2008,201585,C,1610612758,111.1,245,10
265,,Latvia,1998-02-05,40,2,2018,1610612751,Rodions,6,9,2.06,True,00,Latvia/Latvia,Kurucs,2018,1629066,F,1610612751,95.3,210,0
266,Utah,USA,1995-07-24,27,1,2017,1610612751,Kyle,6,9,2.06,True,0,Utah/USA,Kuzma,2017,1628398,F,1610612747,99.8,220,1
267,Kentucky,Haiti,1996-03-18,28,1,2016,1610612758,Skal,6,11,2.11,True,7,Kentucky/Haiti,Labissiere,2016,1627746,F,1610612758,106.6,235,2
268,Connecticut,USA,1992-05-30,12,1,2012,1610612745,Jeremy,6,5,1.96,True,3,Connecticut/USA,Lamb,2012,203087,G,1610612766,83.9,185,6
269,UCLA,USA,1995-03-10,13,1,2014,1610612750,Zach,6,5,1.96,True,8,UCLA/USA,LaVine,2014,203897,G,1610612741,90.7,200,4
270,Maryland,USA,1994-03-07,47,2,2016,1610612753,Jake,6,9,2.06,True,10,Maryland/USA,Layman,2016,1627774,F,1610612757,97.5,215,2
271,California-Los Angeles,USA,1997-04-30,18,1,2017,1610612754,TJ,6,10,2.08,True,22,UCLA/USA,Leaf,2017,1628388,F,1610612754,102.1,225,1
272,Western Kentucky,USA,1985-10-03,22,1,2008,1610612753,Courtney,6,5,1.96,True,5,Western Kentucky/USA,Lee,2008,201584,G,1610612752,97.5,215,10
273,Louisville,USA,1992-10-21,,,,,Damion,6,6,1.98,True,1,Louisville/USA,Lee,2017,1627814,G,1610612744,95.3,210,1
274,Maryland,Ukraine,1993-06-16,5,1,2013,1610612756,Alex,7,1,2.16,True,25,Maryland/Ukraine,Len,2013,203458,C,1610612737,113.4,250,5
275,San Diego State,USA,1991-06-29,15,1,2011,1610612754,Kawhi,6,7,2.01,True,2,San Diego State/USA,Leonard,2011,202695,F,1610612761,104.3,230,7
276,Illinois,USA,1992-02-27,11,1,2012,1610612757,Meyers,7,1,2.16,True,11,Illinois/USA,Leonard,2012,203086,F-C,1610612757,115.7,255,6
277,Wisconsin,USA,1989-05-14,40,2,2011,1610612749,Jon,6,10,2.08,True,30,Wisconsin/USA,Leuer,2011,202720,F,1610612765,103.4,228,7
278,Michigan,USA,1994-08-25,20,1,2016,1610612754,Caris,6,7,2.01,True,22,Michigan/USA,LeVert,2016,1627747,G,1610612751,92.5,204,2
279,Weber State,USA,1990-07-15,6,1,2012,1610612757,Damian,6,3,1.9,True,0,Weber State/USA,Lillard,2012,203081,G,1610612757,88.5,195,6
280,Harvard,USA,1988-08-23,,,,,Jeremy,6,3,1.9,True,7,Harvard/USA,Lin,2010,202391,G,1610612737,90.7,200,8
281,Peoria Central HS (IL),USA,1985-09-11,4,1,2004,1610612746,Shaun,6,7,2.01,True,34,Peoria Central HS (IL)USA/USA,Livingston,2004,2733,G,1610612744,87.1,192,13
282,UCLA,USA,1996-02-06,30,1,2015,1610612744,Kevon,6,9,2.06,True,5,UCLA/USA,Looney,2015,1626172,F,1610612744,99.8,220,3
283,Stanford,USA,1988-04-01,10,1,2008,1610612751,Brook,7,0,2.13,True,11,Stanford/USA,Lopez,2008,201572,C,1610612749,122.5,270,10
284,Stanford,USA,1988-04-01,15,1,2008,1610612756,Robin,7,0,2.13,True,42,Stanford/USA,Lopez,2008,201577,C,1610612741,124.7,275,10
285,UCLA,USA,1988-09-07,5,1,2008,1610612763,Kevin,6,10,2.08,True,0,UCLA/USA,Love,2008,201567,F-C,1610612739,113.9,251,10
286,Villanova,USA,1986-03-25,24,1,2006,1610612763,Kyle,6,1,1.85,True,7,Villanova/USA,Lowry,2006,200768,G,1610612761,88.9,196,12
287,Indianapolis,USA,1993-07-27,,,,,Jordan,6,4,1.93,True,8,Indianapolis/USA,Loyd,2018,1628070,G,1610612761,95.3,210,0
288,Michigan State,USA,1989-05-24,,,,,Kalin,6,1,1.85,True,24,Michigan State/USA,Lucas,2014,203564,G,1610612765,88.5,195,1
289,,France,1995-05-09,24,1,2016,1610612755,Timothe,6,6,1.98,True,7,France/France,Luwawu-Cabarrot,2016,1627789,G-F,1610612760,95.3,210,2
290,Syracuse,USA,1996-04-09,24,1,2017,1610612762,Tyler,6,10,2.08,True,20,Syracuse/USA,Lydon,2017,1628399,F,1610612743,102.1,225,1
291,Kentucky,USA,1995-11-05,12,1,2015,1610612762,Trey,6,10,2.08,True,7,Kentucky/USA,Lyles,2015,1626168,F,1610612743,106.1,234,3
292,Butler,USA,1990-04-22,34,2,2011,1610612764,Shelvin,6,3,1.9,True,6,Butler/USA,Mack,2011,202714,G,1610612763,92.1,203,7
293,Arkansas,USA,1995-11-29,,,,,Daryl,6,3,1.9,True,3,Arkansas/USA,Macon,2018,1629133,G,1610612742,83.9,185,0
294,Xavier (Ohio),USA,1995-06-05,,,,,J.P.,6,5,1.96,True,55,Xavier (Ohio)/USA,Macura,2018,1629122,G,1610612766,93.0,205,0
295,"Rouen, France",France,1986-11-05,28,1,2005,1610612759,Ian,6,11,2.11,True,28,Pau Orthez/France,Mahinmi,2007,101133,C,1610612764,118.8,262,11
296,,South Sudan,1997-02-25,10,1,2016,1610612749,Thon,7,1,2.16,True,7,South Sudan/South Sudan,Maker,2016,1627748,F,1610612749,100.2,221,2
297,,Serbia,1988-08-15,,,,,Boban,7,3,2.21,True,51,Serbia/Serbia,Marjanovic,2015,1626246,C,1610612746,131.5,290,3
298,Arizona,Finland,1997-05-22,7,1,2017,1610612750,Lauri,7,0,2.13,True,24,Arizona/Finland,Markkanen,2017,1628374,F,1610612741,108.9,240,1
299,Louisiana State,USA,1994-05-24,25,1,2015,1610612763,Jarell,6,10,2.08,True,2,LSU-Shreveport/USA,Martin,2015,1626185,F,1610612753,108.4,239,3
300,Kansas,USA,1994-04-03,34,2,2017,1610612758,Frank,5,11,1.8,True,10,Kansas/USA,Mason,2017,1628412,G,1610612758,86.2,190,1
301,Georgia,USA,1996-08-14,,,,,Yante,6,8,2.03,True,00,Georgia/USA,Maten,,1628999,F,1610612748,108.9,240,0
302,Marquette,USA,1986-10-14,,,,,Wesley,6,5,1.96,True,23,Marquette/USA,Matthews,2009,202083,G-F,1610612742,99.8,220,9
303,UCLA,Cameroon,1986-09-09,37,2,2008,1610612749,Luc,6,8,2.03,True,12,UCLA/Cameroon,Mbah a Moute,2008,201601,F,1610612746,104.3,230,10
304,Nevada-Las Vegas,USA,1995-10-25,38,2,2016,1610612744,Patrick,6,7,2.01,True,1,Nevada-Las Vegas/USA,McCaw,2016,1627775,G,1610612761,83.9,185,2
305,Lehigh,USA,1991-09-19,10,1,2013,1610612757,CJ,6,3,1.9,True,3,Lehigh/USA,McCollum,2013,203468,G,1610612757,86.2,190,5
306,Arizona,USA,1992-03-25,,,,,T.J.,6,2,1.88,True,12,Arizona/USA,McConnell,2015,204456,G,1610612755,86.2,190,3
307,Creighton,USA,1992-01-03,11,1,2014,1610612743,Doug,6,8,2.03,True,20,Creighton/USA,McDermott,2014,203926,F,1610612754,102.1,225,4
308,Nevada,USA,1988-01-19,18,1,2008,1610612764,JaVale,7,0,2.13,True,7,Nevada-Reno/USA,McGee,2008,201580,C,1610612747,122.5,270,10
309,Kansas State,USA,1991-07-29,,,,,Rodney,6,4,1.93,True,17,Kansas State/USA,McGruder,2016,203585,F-G,1610612748,90.7,200,2
310,Wisc.-Green Bay,USA,1992-09-17,,,,,Alfonzo,6,8,2.03,True,28,Wisc.-Green Bay/USA,McKinnie,2017,1628035,F,1610612744,97.5,215,1
311,Kansas,USA,1993-02-11,7,1,2013,1610612758,Ben,6,5,1.96,True,23,Kansas/USA,McLemore,2013,203463,G,1610612758,91.2,201,5
312,Tennessee,USA,1991-03-28,58,2,2014,1610612759,Jordan,6,5,1.96,True,52, USA/USA,McRae,2015,203895,G,1610612764,81.2,179,2
313,,Tunisia,1986-06-15,,,,,Salah,7,2,2.18,True,50,Tunisia/Tunisia,Mejri,2015,1626257,C,1610612742,106.6,235,3
314,Southern California,USA,1998-05-28,46,2,2018,1610612745,De'Anthony,6,4,1.93,True,14,Southern California/USA,Melton,2018,1629001,G,1610612756,90.7,200,0
315,Southern California,USA,1997-03-22,49,2,2018,1610612749,Chimezie,6,10,2.08,True,7,University of Southern CaliforniaUSA/USA,Metu,2018,1629002,F,1610612759,102.1,225,0
316,Texas A&M,USA,1991-08-12,39,2,2012,1610612765,Khris,6,8,2.03,True,22,Texas A&M/USA,Middleton,2012,203114,F,1610612749,100.7,222,6
317,Skyline HS (TX),USA,1987-03-18,34,2,2005,1610612762,CJ,6,6,1.98,True,0,"Skyline HS (Dallas, TX)USA/USA",Miles,2005,101139,F-G,1610612761,99.8,220,13
318,Kentucky,USA,1990-03-21,46,2,2012,1610612740,Darius,6,8,2.03,True,21,Kentucky/USA,Miller,2012,203121,F,1610612740,102.1,225,4
319,Saint Mary's (CA),Australia,1988-08-11,55,2,2009,1610612757,Patty,6,0,1.83,True,8,St. Mary's (CA)/Australia,Mills,2009,201988,G,1610612759,81.6,180,9
320,Louisiana Tech,USA,1985-02-10,47,2,2006,1610612762,Paul,6,8,2.03,True,4,Louisiana TechUSA/USA,Millsap,2006,200794,F,1610612743,111.6,246,12
321,Southern Methodist,USA,1996-09-26,54,2,2018,1610612742,Shake,6,6,1.98,True,18,USA/USA,Milton,2018,1629003,G,1610612755,93.9,207,0
322,,Montenegro,1991-02-11,23,1,2011,1610612745,Nikola,6,10,2.08,True,3,Montenegro/Montenegro,Mirotic,2014,202703,F,1610612740,113.4,250,4
323,Louisville,USA,1996-09-07,13,1,2017,1610612743,Donovan,6,3,1.9,True,45,Louisville/USA,Mitchell,2017,1628378,G,1610612762,97.5,215,1
324,Iowa State,Canada,1993-08-03,,,,,Naz,6,4,1.93,True,30,Iowa State/Canada,Mitrou-Long,2017,1628513,G,1610612762,98.9,218,1
325,Kentucky,USA,1998-02-04,11,1,2017,1610612766,Malik,6,3,1.9,True,1,Kentucky/USA,Monk,2017,1628370,G,1610612766,90.7,200,1
326,Georgetown,USA,1990-06-04,7,1,2010,1610612765,Greg,6,11,2.11,True,15,Georgetown/USA,Monroe,2010,202328,C,1610612761,120.2,265,8
327,Southern Methodist,USA,1995-05-13,,,,,Ben,6,8,2.03,True,26,Southern Methodist/USA,Moore,2017,1628500,F,1610612759,99.8,220,1
328,Purdue,USA,1989-02-25,55,2,2011,1610612738,E'Twaun,6,4,1.93,True,55,Purdue/USA,Moore,2011,202734,G,1610612740,86.6,191,7
329,Molloy,USA,1995-09-19,,,,,Jaylen,6,5,1.96,True,30,Molloy/USA,Morris,2017,1628537,G,1610612749,83.9,185,1
330,Kansas,USA,1989-09-02,14,1,2011,1610612745,Marcus,6,9,2.06,True,13,Kansas/USA,Morris,2011,202694,F,1610612738,106.6,235,7
331,Kansas,USA,1989-09-02,13,1,2011,1610612756,Markieff,6,10,2.08,True,5,Kansas/USA,Morris,2011,202693,F,1610612764,111.1,245,7
332,Iowa State,USA,1995-06-27,51,2,2017,1610612743,Monte,6,3,1.9,True,11,Iowa State/USA,Morris,2017,1628420,G,1610612743,79.4,175,1
333,Baylor,USA,1995-05-04,,,,,Johnathan,6,10,2.08,True,15,Baylor/USA,Motley,2017,1628405,F,1610612746,104.3,230,1
334,"St. Petersburg, Russia",Russia,1986-07-16,,,,,Timofey,7,1,2.16,True,21,Khimki Moscow/Russia,Mozgov,2010,202389,C,1610612753,124.7,275,8
335,,Democratic Republic of the Congo,1996-03-05,7,1,2015,1610612743,Emmanuel,6,5,1.96,True,1,Guangdong/DRC,Mudiay,2015,1626144,G,1610612752,90.7,200,3
336,Washington,USA,1996-09-19,29,1,2016,1610612759,Dejounte,6,5,1.96,True,5,Washington/USA,Murray,2016,1627749,G,1610612759,77.1,170,2
337,Kentucky,Canada,1997-02-23,7,1,2016,1610612743,Jamal,6,4,1.93,True,27,Kentucky/Canada,Murray,2016,1627750,G,1610612743,93.9,207,2
338,,Bosnia and Herzegovina,1999-05-08,29,1,2018,1610612751,Dzanan,6,9,2.06,True,30,Bosnia and Herzegovina/Bosnia and Herzegovina,Musa,2018,1629058,G-F,1610612751,94.3,208,0
339,Bucknell,USA,1991-07-01,44,2,2013,1610612742,Mike,6,11,2.11,True,31,Bucknell/USA,Muscala,2013,203488,F-C,1610612755,108.9,240,5
340,Kansas,Ukraine,1997-06-10,47,2,2018,1610612747,Svi,6,8,2.03,True,10,University of Kansas/Ukraine,Mykhailiuk,2018,1629004,G,1610612747,93.0,205,0
341,Iowa State,Egypt,1993-09-25,58,2,2016,1610612738,Abdel,6,6,1.98,True,11,Egypt/Egypt,Nader,2017,1627846,F,1610612760,102.1,225,1
342,Wyoming,USA,1993-01-01,27,1,2015,1610612747,Larry,6,9,2.06,True,22,Wyoming/USA,Nance Jr.,2015,1626204,F,1610612739,104.3,230,3
343,Connecticut,USA,1991-07-14,24,1,2014,1610612766,Shabazz,6,1,1.85,True,13,Connecticut/USA,Napier,2014,203894,G,1610612751,81.6,180,4
344,"Sao Carlos, Brazil",Brazil,1982-09-13,7,1,2002,1610612752,Nene,6,11,2.11,True,42,Vasco de Gama/Brazil,,2002,2403,C-F,1610612745,113.4,250,16
345,,Brazil,1992-05-19,47,2,2013,1610612737,Raul,6,1,1.85,True,25,Brazil/Brazil,Neto,2015,203526,G,1610612762,81.2,179,3
346,Iowa State,USA,1993-06-17,50,2,2016,1610612754,Georges,6,8,2.03,True,31,Iowa State/USA,Niang,2016,1627777,F,1610612762,104.3,230,2
347,Florida,USA,1985-02-25,9,1,2007,1610612741,Joakim,6,11,2.11,True,55,Florida/USA,Noah,2007,201149,C,1610612763,104.3,230,11
348,Kentucky,USA,1994-04-10,6,1,2013,1610612740,Nerlens,6,11,2.11,True,3,Kentucky/USA,Noel,2014,203457,F-C,1610612760,99.8,220,4
349,"Wurzburg, Germany",Germany,1978-06-19,9,1,1998,1610612749,Dirk,7,0,2.13,True,41,Germany/Germany,Nowitzki,1998,1717,F,1610612742,111.1,245,20
350,,France,1998-07-28,8,1,2017,1610612752,Frank,6,6,1.98,True,11,France/France,Ntilikina,2017,1628373,G,1610612752,90.7,200,1
351,California-Santa Barbara,USA,1990-07-14,,,,,James,6,7,2.01,True,21,California-Santa Barbara/USA,Nunnally,2013,203263,F,1610612745,94.3,208,1
352,,Bosnia & Herzegovina,1994-08-23,16,1,2014,1610612741,Jusuf,7,0,2.13,True,27,Boznia & Herzegovina,Nurkic,2014,203994,C,1610612757,124.7,275,4
353,Cal Poly-S.L.O.,USA,1993-01-14,,,,,David,6,4,1.93,True,12,Cal Poly-Obispo/USA,Nwaba,2016,1628021,G,1610612739,99.3,219,2
354,Baylor,USA,1993-06-05,,,,,Royce,6,6,1.98,True,23,Baylor/USA,O'Neale,2017,1626220,F,1610612762,102.5,226,1
355,Norfolk State,USA,1990-03-26,49,2,2012,1610612753,Kyle,6,10,2.08,True,10,Norfolk State/USA,O'Quinn,2012,203124,C,1610612754,113.4,250,6
356,Southern Methodist,USA,1994-12-05,37,2,2017,1610612738,Semi,6,7,2.01,True,37,Southern Methodist/USA,Ojeleye,2017,1628400,F,1610612738,109.3,241,1
357,Duke,USA,1995-12-15,3,1,2015,1610612755,Jahlil,6,11,2.11,True,8,Duke/USA,Okafor,2015,1626143,C,1610612740,124.7,275,3
358,,France,1997-10-23,31,2,2018,1610612756,Elie,6,3,1.9,True,2,France/France,Okobo,2018,1629059,G,1610612756,86.2,190,0
359,Georgia Tech,Nigeria,1998-09-01,20,1,2018,1610612750,Josh,6,4,1.93,True,20,Georgia Institute of Technology/Nigeria,Okogie,2018,1629006,G,1610612750,96.2,212,0
360,Indiana,USA,1992-05-04,2,1,2013,1610612753,Victor,6,4,1.93,True,4,Indiana/USA,Oladipo,2013,203506,G,1610612754,95.3,210,5
361,Gonzaga,Canada,1991-04-19,13,1,2013,1610612742,Kelly,7,0,2.13,True,9,Gonzaga/Canada,Olynyk,2013,203482,F,1610612748,108.9,240,5
362,Anadolu Efes,Turkey,1995-04-08,31,2,2015,1610612750,Cedi,6,8,2.03,True,16,Anadolu Efes/Turkey,Osman,2017,1626224,F,1610612739,97.5,215,1
363,Kansas,USA,1995-12-09,15,1,2015,1610612737,Kelly,6,7,2.01,True,3,Kansas/USA,Oubre Jr.,2015,1626162,F,1610612756,93.0,205,3
364,"Tbilisi, Georgia",Georgia,1984-02-10,42,2,2003,1610612753,Zaza,6,11,2.11,True,27,UlkersporGeorgia/Georgia,Pachulia,2003,2585,C,1610612765,122.5,270,15
365,Duke,USA,1995-03-15,2,1,2014,1610612749,Jabari,6,8,2.03,True,2,Duke/USA,Parker,2014,203953,F,1610612741,111.1,245,4
366,"Paris, France",France,1982-05-17,28,1,2001,1610612759,Tony,6,2,1.88,True,9,Paris BR/France,Parker,2001,2225,G,1610612766,83.9,185,17
367,Florida,USA,1988-10-25,38,2,2011,1610612745,Chandler,6,10,2.08,True,25,Florida/USA,Parsons,2011,202718,F,1610612763,104.3,230,7
368,Kentucky,USA,1989-03-14,14,1,2010,1610612745,Patrick,6,9,2.06,True,54,Kentucky/USA,Patterson,2010,202335,F,1610612760,104.3,230,8
369,Creighton,USA,1997-06-14,16,1,2017,1610612741,Justin,7,0,2.13,True,0,Creighton/USA,Patton,2017,1628383,C,1610612755,109.3,241,1
370,Wake Forest,USA,1985-05-06,4,1,2005,1610612740,Chris,6,0,1.83,True,3,Wake Forest/USA,Paul,2005,101108,G,1610612745,79.4,175,13
371,Murray State,USA,1994-08-08,14,1,2015,1610612760,Cameron,6,3,1.9,True,3,Murray State/USA,Payne,2015,1626166,G,1610612739,86.2,190,3
372,Louisiana-Lafayette,USA,1994-02-22,10,1,2014,1610612755,Elfrid,6,4,1.93,True,4,Louisiana-Lafayette/USA,Payton,2014,203901,G,1610612740,83.9,185,4
373,,USA,1995-11-05,,,,,Theo,6,6,1.98,True,10,North Carolina/USA,Pinson,2018,1629033,G-F,1610612751,98.9,218,0
374,Duke,USA,1990-03-05,22,1,2013,1610612751,Mason,6,11,2.11,True,24,Duke/USA,Plumlee,2013,203486,F-C,1610612743,106.6,235,5
375,Duke,USA,1988-09-01,26,1,2012,1610612754,Miles,6,11,2.11,True,18,Duke/USA,Plumlee,2012,203101,C,1610612737,112.9,249,6
376,Utah,Austria,1995-10-15,9,1,2016,1610612761,Jakob,7,0,2.13,True,25,Utah/Austria,Poeltl,2016,1627751,C,1610612759,104.3,230,2
377,Washington,USA,1988-03-10,26,1,2010,1610612760,Quincy,6,7,2.01,True,3,Washington/USA,Pondexter,2010,202347,F,1610612759,104.3,230,6
378,Missouri,USA,1998-06-29,14,1,2018,1610612743,Michael,6,10,2.08,True,1,University of Missouri/USA,Porter Jr.,,1629008,F,1610612743,95.3,210,0
379,Georgetown,USA,1993-06-03,3,1,2013,1610612764,Otto,6,8,2.03,True,22,Georgetown/USA,Porter Jr.,2013,203490,F,1610612764,89.8,198,5
380,Arkansas,USA,1995-02-10,22,1,2015,1610612741,Bobby,6,11,2.11,True,5,Arkansas/USA,Portis,2015,1626171,F,1610612741,113.4,250,3
381,,Latvia,1995-08-02,4,1,2015,1610612752,Kristaps,7,3,2.21,True,6,Cajasol Sevilla/Latvia,Porzingis,2015,204001,F-C,1610612752,108.9,240,3
382,Stanford,Canada,1991-07-20,45,2,2014,1610612766,Dwight,6,11,2.11,True,7,Stanford/Canada,Powell,2014,203939,F-C,1610612742,108.9,240,4
383,UCLA,USA,1993-05-25,46,2,2015,1610612749,Norman,6,4,1.93,True,24,UCLA/USA,Powell,2015,1626181,F-G,1610612761,97.5,215,3
384,Kentucky,USA,1993-09-06,,,,,Alex,6,9,2.06,True,22,Kentucky/USA,Poythress,2016,1627816,F,1610612737,106.6,235,2
385,Baylor,USA,1994-03-22,12,1,2016,1610612762,Taurean,6,8,2.03,True,12,Baylor/USA,Prince,2016,1627752,F,1610612737,99.8,220,2
386,California,USA,1997-02-04,35,2,2017,1610612753,Ivan,6,10,2.08,True,10,California/USA,Rabb,2017,1628397,F,1610612763,99.8,220,1
387,Stanford,USA,1993-02-05,,,,,Chasson,6,2,1.88,True,9,Stanford/USA,Randle,2016,1626184,G,1610612764,83.9,185,1
388,Kentucky,USA,1994-11-29,7,1,2014,1610612747,Julius,6,9,2.06,True,30,Kentucky/USA,Randle,2014,203944,F,1610612740,113.4,250,4
389,Michigan State,USA,1981-07-16,19,1,2001,1610612757,Zach,6,9,2.06,True,50,Michigan State/USA,Randolph,2001,2216,F,1610612758,113.4,250,17
390,Duke,USA,1984-06-24,11,1,2006,1610612753,JJ,6,4,1.93,True,17,Duke/USA,Redick,2006,200755,G,1610612755,90.7,200,12
391,Miami (FL),USA,1995-06-11,32,2,2017,1610612756,Davon,6,5,1.96,True,32,Miami/USA,Reed,2017,1628432,G,1610612754,94.3,208,1
392,Tennessee,USA,1993-09-15,40,2,2015,1610612748,Josh,6,6,1.98,True,0,Tennessee/USA,Richardson,2015,1626196,G-F,1610612748,90.7,200,3
393,Syracuse,USA,1996-01-05,22,1,2016,1610612766,Malachi,6,6,1.98,True,22,Syracuse/USA,Richardson,2016,1627781,G,1610612761,93.0,205,2
394,Duke,USA,1992-08-01,10,1,2012,1610612740,Austin,6,4,1.93,True,25,Duke/USA,Rivers,2012,203085,G,1610612745,90.7,200,6
395,Colorado,USA,1991-12-04,26,1,2013,1610612750,Andre,6,7,2.01,True,21,Colorado/USA,Roberson,2013,203460,G-F,1610612760,95.3,210,5
396,Florida,USA,1995-03-07,,,,,Devin,6,8,2.03,True,7,Florida/USA,Robinson,2017,1628421,F,1610612764,90.7,200,1
397,Michigan,USA,1994-04-22,,,,,Duncan,6,8,2.03,True,55,Michigan/USA,Robinson,2018,1629130,F,1610612748,95.3,210,0
398,Boston College,USA,1997-02-22,13,1,2018,1610612746,Jerome,6,5,1.96,True,10,Boston College/USA,Robinson,2018,1629010,G,1610612746,86.2,190,0
399,,USA,1998-04-01,36,2,2018,1610612752,Mitchell,7,1,2.16,True,26,Western Kentucky University/USA,Robinson,2018,1629011,C,1610612752,108.9,240,0
400,Michigan,USA,1994-01-08,40,2,2014,1610612750,Glenn,6,6,1.98,True,22,Michigan/USA,Robinson III,2014,203922,G-F,1610612765,100.7,222,4
401,Kentucky,USA,1986-02-22,21,1,2006,1610612756,Rajon,6,1,1.85,True,9,Kentucky/USA,Rondo,2006,200765,G,1610612747,84.4,186,12
402,Memphis,USA,1988-10-04,1,1,2008,1610612741,Derrick,6,3,1.9,True,25,Memphis/USA,Rose,2008,201565,G,1610612750,90.7,200,9
403,Washington,USA,1991-02-05,8,1,2012,1610612761,Terrence,6,7,2.01,True,31,Washington/USA,Ross,2012,203082,G-F,1610612753,93.4,206,6
404,Louisville,USA,1994-03-17,16,1,2015,1610612738,Terry,6,1,1.85,True,12,Louisville/USA,Rozier,2015,1626179,G,1610612738,86.2,190,3
405,"El Masnou, Spain",Spain,1990-10-21,5,1,2009,1610612750,Ricky,6,4,1.93,True,3,FC Barcelona/Spain,Rubio,2011,201937,G,1610612762,86.2,190,7
406,Ohio State,USA,1996-02-23,2,1,2015,1610612747,D'Angelo,6,5,1.96,True,1,Ohio State/USA,Russell,2015,1626156,G,1610612751,89.8,198,3
407,Gonzaga,Lithuania,1996-05-03,11,1,2016,1610612760,Domantas,6,11,2.11,True,11,Gonzaga/Lithuania,Sabonis,2016,1627734,F,1610612754,108.9,240,2
408,,USA,1997-05-01,,,,,Brandon,6,5,1.96,True,44, USA/USA,Sampson,,1629102,G,1610612741,83.5,184,0
409,,Croatia,1994-04-08,12,1,2014,1610612753,Dario,6,10,2.08,True,36,Anadolu Efes (Turkey)/Croatia,Saric,2016,203967,F,1610612750,101.2,223,2
410,,Czech Republic,1991-10-30,32,2,2012,1610612764,Tomas,6,7,2.01,True,31, Czech Republic/Czech Republic,Satoransky,2016,203107,G-F,1610612764,95.3,210,2
411,Germany,Germany,1993-09-15,17,1,2013,1610612737,Dennis,6,1,1.85,True,17,Germany/Germany,Schroder,2013,203471,G,1610612760,78.0,172,5
412,Virginia,USA,1988-07-16,43,2,2012,1610612737,Mike,6,8,2.03,True,30,Virginia/USA,Scott,2012,203118,F,1610612746,107.5,237,6
413,"Vevey, Switzerland",Switzerland,1984-05-02,13,1,2006,1610612755,Thabo,6,7,2.01,True,22,Angelico Biella/Switzerland,Sefolosha,2006,200757,F,1610612762,99.8,220,12
414,Kansas,USA,1994-09-30,,,,,Wayne,6,5,1.96,True,14,Kansas/USA,Selden,2016,1627782,G-F,1610612741,104.3,230,2
415,Alabama,USA,1999-01-04,8,1,2018,1610612739,Collin,6,2,1.88,True,2,University of Alabama/USA,Sexton,2018,1629012,G,1610612739,86.2,190,0
416,Wichita State,USA,1997-03-13,26,1,2018,1610612755,Landry,6,5,1.96,True,1,Wichita State University/USA,Shamet,2018,1629013,G,1610612755,85.3,188,0
417,Georgia Tech,USA,1990-06-26,17,1,2011,1610612752,Iman,6,5,1.96,True,9,Georgia Tech/USA,Shumpert,2011,202697,G,1610612758,97.5,215,7
418,New Mexico State,Cameroon,1994-04-02,27,1,2016,1610612761,Pascal,6,9,2.06,True,43,New Mexico State/Cameroon,Siakam,2016,1627783,F,1610612761,104.3,230,2
419,Louisiana State,Australia,1996-07-20,1,1,2016,1610612755,Ben,6,10,2.08,True,25,Louisiana State/Australia,Simmons,2017,1627732,G-F,1610612755,104.3,230,1
420,Houston,USA,1989-09-14,,,,,Jonathon,6,6,1.98,True,17, USA/USA,Simmons,2015,203613,F,1610612753,88.5,195,3
421,IMG Academy,USA,1999-06-08,24,1,2018,1610612757,Anfernee,6,4,1.93,True,24,USA/USA,Simons,2018,1629014,G,1610612757,83.9,185,0
422,Oklahoma State,USA,1994-03-06,6,1,2014,1610612738,Marcus,6,4,1.93,True,36,Oklahoma State/USA,Smart,2014,203935,G,1610612738,99.8,220,4
423,Wake Forest,USA,1988-07-05,,,,,Ish,6,0,1.83,True,14,Wake Forest/USA,Smith,2010,202397,G,1610612765,79.4,175,8
424,Colorado State,USA,1986-03-02,20,1,2007,1610612748,Jason,7,0,2.13,True,20,Colorado State/USA,Smith,2007,201160,F-C,1610612749,108.9,240,10
425,St. Benedict's Prep (NJ),USA,1985-09-09,18,1,2004,1610612740,JR,6,6,1.98,True,5,"St. Benedict's Prep (Newark, NJ)/USA",Smith,2004,2747,G-F,1610612739,102.1,225,14
426,Texas Tech,USA,1999-06-04,16,1,2018,1610612756,Zhaire,6,4,1.93,True,8,Texas Tech University/USA,Smith,,1629015,G,1610612755,90.3,199,0
427,North Carolina State,USA,1997-11-25,9,1,2017,1610612742,Dennis,6,3,1.9,True,1,North Carolina State/USA,Smith Jr.,2017,1628372,G,1610612742,88.5,195,1
428,New Mexico,USA,1991-11-10,20,1,2013,1610612741,Tony,6,7,2.01,True,21,New Mexico/USA,Snell,2013,203503,G,1610612749,96.6,213,5
429,Louisville,USA,1997-03-11,56,2,2018,1610612755,Ray,6,10,2.08,True,26,Louisville/USA,Spalding,2018,1629034,F,1610612742,97.5,215,0
430,Villanova,USA,1997-07-21,30,1,2018,1610612737,Omari,6,9,2.06,True,6,Villanova University/USA,Spellman,2018,1629016,F,1610612737,111.1,245,0
431,Michigan,Canada,1993-10-07,8,1,2014,1610612758,Nik,6,6,1.98,True,6,Michigan/Canada,Stauskas,2014,203917,G,1610612757,93.0,205,4
432,Cincinnati,USA,1990-09-05,40,2,2010,1610612754,Lance,6,6,1.98,True,6,Cincinnati/USA,Stephenson,2010,202362,G,1610612747,104.3,230,8
433,Xavier,USA,1995-12-31,52,2,2017,1610612740,Edmond,6,6,1.98,True,5,Xavier/USA,Sumner,2017,1628410,G,1610612754,79.8,176,1
434,Purdue,USA,1997-04-18,26,1,2017,1610612757,Caleb,6,9,2.06,True,50,Purdue/USA,Swanigan,2017,1628403,F,1610612757,113.4,250,1
435,Duke,USA,1998-03-03,3,1,2017,1610612738,Jayson,6,8,2.03,True,0,Duke/USA,Tatum,2017,1628369,F,1610612738,94.3,208,1
436,Wake Forest,USA,1988-06-10,19,1,2009,1610612737,Jeff,6,2,1.88,True,0,Wake Forest/USA,Teague,2009,201952,G,1610612750,88.5,195,9
437,Louisiana State,USA,1986-05-08,,,,,Garrett,6,6,1.98,True,17,Louisiana State/USA,Temple,2009,202066,G-F,1610612763,88.5,195,8
438,,Serbia,1987-03-19,,,,,Milos,6,5,1.96,True,4, Serbia/Serbia,Teodosic,2017,1628462,G,1610612746,88.9,196,1
439,Rhode Island,USA,1995-02-10,,,,,Jared,6,3,1.9,True,3,Rhode Island/USA,Terrell,2018,1629123,G,1610612750,103.0,227,0
440,,Germany,1992-04-04,,,,,Daniel,6,8,2.03,True,27,Germany/Germany,Theis,2017,1628464,F,1610612738,110.2,243,1
441,Washington,USA,1989-02-07,60,2,2011,1610612758,Isaiah,5,9,1.75,True,0,Washington/USA,Thomas,2011,202738,G,1610612743,83.9,185,7
442,Creighton,USA,1996-05-08,38,2,2018,1610612755,Khyri,6,3,1.9,True,13,Creighton University/USA,Thomas,2018,1629017,G,1610612765,95.3,210,0
443,Duke,USA,1988-04-24,,,,,Lance,6,8,2.03,True,42,Duke/USA,Thomas,2011,202498,F,1610612752,108.9,240,7
444,Washington State,USA,1990-02-08,11,1,2011,1610612744,Klay,6,7,2.01,True,11,Washington State/USA,Thompson,2011,202691,G,1610612744,97.5,215,7
445,Texas,Canada,1991-03-13,4,1,2011,1610612739,Tristan,6,10,2.08,True,13,Texas/Canada,Thompson,2011,202684,C-F,1610612739,108.0,238,7
446,South Carolina,USA,1994-11-15,48,2,2017,1610612749,Sindarius,6,5,1.96,True,0,South Carolina/USA,Thornwell,2017,1628414,G,1610612746,97.5,215,1
447,Creighton,USA,1985-06-01,,,,,Anthony,6,8,2.03,True,43,Creighton/USA,Tolliver,2008,201229,F,1610612750,113.4,250,10
448,Kentucky,USA,1995-11-15,1,1,2015,1610612750,Karl-Anthony,7,0,2.13,True,32,Kentucky/USA,Towns,2015,1626157,C,1610612750,112.5,248,3
449,,USA,1999-01-18,,,,,Gary,6,6,1.98,True,9, USA/USA,Trent Jr.,2018,1629018,G,1610612757,93.0,205,0
450,University of Arizona,USA,1996-01-17,,,,,Allonzo,6,5,1.96,True,14,University of Arizona/USA,Trier,2018,1629019,G,1610612752,90.7,200,0
451,Texas,USA,1985-05-05,35,2,2006,1610612761,PJ,6,6,1.98,True,17,Texas/USA,Tucker,2006,200782,F,1610612745,111.1,245,7
452,Ohio State,USA,1988-10-27,2,1,2010,1610612755,Evan,6,7,2.01,True,1,Ohio State/USA,Turner,2010,202323,G-F,1610612757,99.8,220,8
453,Texas,USA,1996-03-24,11,1,2015,1610612754,Myles,6,11,2.11,True,33,Texas/USA,Turner,2015,1626167,C-F,1610612754,113.4,250,3
454,Baylor,USA,1987-05-20,6,1,2010,1610612744,Ekpe,6,10,2.08,True,33,Baylor/USA,Udoh,2010,202327,C-F,1610612762,111.1,245,6
455,"Utena, Lithuania",Lithuania,1992-05-06,5,1,2011,1610612761,Jonas,7,0,2.13,True,17,"Utena, Lithuania/Lithuania",Valanciunas,2012,202685,C,1610612761,120.2,265,6
456,Michigan State,USA,1993-11-16,14,1,2016,1610612741,Denzel,6,6,1.98,True,45,Michigan State/USA,Valentine,2016,1627756,G,1610612741,95.3,210,2
457,Kentucky,USA,1999-04-03,41,2,2018,1610612753,Jarred,6,9,2.06,True,8,University of Kentucky/USA,Vanderbilt,,1629020,F,1610612743,97.1,214,0
458,Wichita State,USA,1994-02-25,,,,,Fred,6,0,1.83,True,23,Wichita State/USA,VanVleet,2016,1627832,G,1610612761,88.5,195,2
459,Indiana,USA,1995-08-24,9,1,2014,1610612766,Noah,6,9,2.06,True,32,Indiana/USA,Vonleh,2014,203943,F,1610612752,113.4,250,4
460,Southern California,Montenegro,1990-10-24,16,1,2011,1610612755,Nikola,7,0,2.13,True,9,USCMontenegro/Montenegro,Vucevic,2011,202696,C,1610612753,117.9,260,7
461,Marquette,USA,1982-01-17,5,1,2003,1610612748,Dwyane,6,4,1.93,True,3,Marquette/USA,Wade,2003,2548,G,1610612748,99.8,220,15
462,Michigan,Germany,1997-04-26,25,1,2018,1610612747,Moritz,6,11,2.11,True,15,University of Michigan/Germany,Wagner,2018,1629021,C,1610612747,111.1,245,0
463,Syracuse,USA,1991-12-10,4,1,2012,1610612739,Dion,6,4,1.93,True,11,Syracuse/USA,Waiters,2012,203079,G,1610612748,97.5,215,6
464,Connecticut,USA,1990-05-08,9,1,2011,1610612766,Kemba,6,1,1.85,True,15,Connecticut/USA,Walker,2011,202689,G,1610612766,83.5,184,7
465,Miami (FL),USA,1998-12-14,18,1,2018,1610612759,Lonnie,6,5,1.96,True,1,University of Miami/USA,Walker IV,2018,1629022,G,1610612759,93.0,205,0
466,Kentucky,USA,1990-09-06,1,1,2010,1610612764,John,6,4,1.93,True,2,Kentucky/USA,Wall,2010,202322,G,1610612764,95.3,210,8
467,California,USA,1994-06-10,60,2,2016,1610612762,Tyrone,6,5,1.96,True,9,California/USA,Wallace,2017,1627820,G,1610612746,89.8,198,1
468,Pittsburgh,USA,1989-07-25,,,,,Brad,6,4,1.93,True,9,Pittsburgh/USA,Wanamaker,2018,202954,G,1610612738,95.3,210,0
469,North Carolina State,USA,1993-09-05,14,1,2014,1610612756,T.J.,6,8,2.03,True,12,North Carolina State/USA,Warren,2014,203933,F,1610612756,97.5,215,4
470,Texas-El Paso,USA,1991-12-18,,,,,Julian,6,8,2.03,True,4,Texas-El Paso/USA,Washburn,,1627395,F-G,1610612763,94.8,209,0
471,George Washington,Japan,1994-10-13,,,,,Yuta,6,9,2.06,True,12,George Washington/Japan,Watanabe,2018,1629139,G,1610612763,93.0,205,0
472,California-Los Angeles,USA,1996-02-03,58,2,2018,1610612743,Thomas,7,0,2.13,True,45, USA/USA,Welsh,2018,1629118,C,1610612743,115.7,255,0
473,UCLA,USA,1988-11-12,4,1,2008,1610612760,Russell,6,3,1.9,True,0,UCLA/USA,Westbrook,2008,201566,G,1610612760,90.7,200,10
474,Colorado,USA,1994-07-02,29,1,2017,1610612759,Derrick,6,4,1.93,True,4,Colorado/USA,White,2017,1628401,G,1610612759,86.2,190,1
475,Seton Hall,USA,1995-03-08,42,2,2016,1610612751,Isaiah,6,4,1.93,True,12,Seton Hall/USA,Whitehead,2016,1627785,G,1610612765,96.6,213,2
476,Marshall,USA,1989-06-13,33,2,2010,1610612758,Hassan,7,0,2.13,True,21,MarshallUSA/USA,Whiteside,2010,202355,C,1610612748,120.2,265,6
477,Kansas,Canada,1995-02-23,1,1,2014,1610612739,Andrew,6,8,2.03,True,22,Kansas/Canada,Wiggins,2014,203952,F-G,1610612750,88.0,194,4
478,California-Santa Barbara,USA,1993-01-28,,,,,Alan,6,8,2.03,True,15,California-Santa Barbara/USA,Williams,2015,1626210,F-C,1610612751,120.2,265,3
479,North Carolina State,USA,1990-02-06,,,,,C.J.,6,5,1.96,True,12,North Carolina State/USA,Williams,2017,203710,G,1610612750,102.5,226,1
480,Gonzaga,USA,1995-05-22,,,,,Johnathan,6,9,2.06,True,19,Gonzaga/USA,Williams,2018,1629140,F,1610612747,103.4,228,0
481,,USA,1994-12-02,,,,,Kenrich,6,7,2.01,True,34, USA/USA,Williams,2018,1629026,G-F,1610612740,95.3,210,0
482,South Gwinnett HS (GA),USA,1986-10-27,45,2,2005,1610612755,Lou,6,1,1.85,True,23,"South Gwinnett HS (Snellville, GA)/USA",Williams,2005,101150,G,1610612746,79.4,175,13
483,North Carolina,USA,1986-06-19,2,1,2005,1610612737,Marvin,6,9,2.06,True,2,North CarolinaUSA/USA,Williams,2005,101107,F,1610612766,107.5,237,13
484,Indiana,USA,1994-12-30,,,,,Troy,6,7,2.01,True,19,Indiana/USA,Williams,2016,1627786,F,1610612758,98.9,218,2
485,Texas A&M,USA,1997-10-17,27,1,2018,1610612738,Robert,6,10,2.08,True,44,Texas A&M University/USA,Williams III,2018,1629057,C-F,1610612738,108.9,240,0
486,Michigan,USA,1996-02-19,17,1,2017,1610612749,D.J.,6,10,2.08,True,5,Michigan/USA,Wilson,2017,1628391,F,1610612749,104.8,231,1
487,Duke,USA,1996-03-26,10,1,2015,1610612748,Justise,6,7,2.01,True,20,Duke/USA,Winslow,2015,1626159,F,1610612748,102.1,225,3
488,Nevada-Las Vegas,USA,1995-09-27,,,,,Christian,6,10,2.08,True,35,Nevada-Las Vegas/USA,Wood,2015,1626174,F,1610612749,97.1,214,2
489,Utah,USA,1992-04-26,20,1,2015,1610612761,Delon,6,5,1.96,True,55,Utah/USA,Wright,2015,1626153,G,1610612761,83.0,183,3
490,,France,1995-12-17,16,1,2016,1610612738,Guerschon,6,8,2.03,True,30,France/France,Yabusele,2017,1627824,F,1610612738,117.9,260,1
491,Georgia Tech,USA,1988-06-21,12,1,2007,1610612755,Thaddeus,6,8,2.03,True,21,Georgia Tech/USA,Young,2007,201152,F,1610612754,100.2,221,11
492,Oklahoma,USA,1998-09-19,5,1,2018,1610612742,Trae,6,2,1.88,True,11,University of Oklahoma/USA,Young,2018,1629027,G,1610612737,81.6,180,0
493,Indiana,USA,1992-10-05,4,1,2013,1610612766,Cody,7,0,2.13,True,40,Indiana/USA,Zeller,2013,203469,C,1610612766,108.9,240,5
494,,Croatia,1997-01-04,23,1,2016,1610612738,Ante,6,11,2.11,True,41,Croatia/Croatia,Zizic,2017,1627790,C,1610612739,115.2,254,1
495,,Croatia,1997-03-18,32,2,2016,1610612747,Ivica,7,1,2.16,True,40,Mega Leks/Croatia,Zubac,2016,1627826,C,1610612747,108.9,240,2
